{
    "theoretical probability": [
        [
            1,
            0.99609375
        ],
        [
            2,
            0.9999847412109375
        ]
    ],
    "confidence lower bound": [
        [
            1,
            0.989328215703873
        ],
        [
            2,
            0.9982354528582658
        ]
    ],
    "confidence upper bound": [
        [
            1,
            0.9970148661929974
        ],
        [
            2,
            1.0
        ]
    ],
    "measured probability": [
        [
            1,
            0.994
        ],
        [
            2,
            1.0
        ]
    ]
}